ID_COMPRA,ID_PROVEEDOR,Puerto,Precio_envio,Fecha,Tiempo_de_Envio
57480485,72167477,Chancay,101,2025-09-18,23
20883452,62047888,Callao,355,2023-08-25,34
75588598,42015971,Callao,494,2024-08-01,35
55894522,44697919,Callao,328,2023-04-13,31
71322183,87299570,Callao,419,2024-09-26,34
49083076,69674874,Callao,324,2024-02-01,41
99055201,22790114,Callao,395,2023-11-01,38
55708582,82833025,Callao,489,2023-02-22,40
72502265,61418894,Callao,353,2023-10-02,37
67168835,43828366,Callao,350,2024-06-18,40
13686284,12648509,Callao,351,2024-10-28,42
25890926,51354048,Chancay,228,2025-04-26,23
94073708,61747208,Callao,429,2024-08-20,43
95866277,20204889,Chancay,204,2025-03-06,21
91943258,85272495,Callao,442,2023-04-11,44
66145251,48813660,Chancay,118,2025-05-30,18
51569427,40382399,Callao,437,2024-03-13,32
31635108,49108443,Callao,383,2024-10-27,33
46219990,10067585,Chancay,293,2025-03-03,18
35943858,21433566,Chancay,234,2025-05-29,19
46395507,31607116,Callao,475,2024-02-13,32
42710460,61340601,Callao,432,2024-09-02,36
39179976,79468513,Callao,314,2024-01-08,35
18864754,59350677,Callao,437,2024-08-31,32
66705737,24923939,Chancay,104,2025-08-25,24
22305450,19310157,Chancay,205,2025-02-26,18
17728911,46254022,Callao,416,2024-09-09,45
11352941,33083750,Chancay,228,2025-01-27,23
40752599,48535886,Callao,400,2023-02-22,38
54803172,53109891,Callao,333,2023-03-01,44
18068662,75721703,Callao,305,2023-09-14,34
90399608,30746112,Chancay,162,2025-10-08,18
99564384,94496415,Chancay,134,2025-09-14,23
97888884,82419006,Chancay,274,2025-01-07,19
42016109,31498005,Callao,487,2024-11-19,36
23973879,16159188,Callao,350,2023-12-04,39
64853829,75778109,Callao,457,2023-08-03,34
26449081,61094787,Callao,431,2024-01-31,41
46166405,56062264,Callao,419,2023-05-14,38
65928873,22600625,Callao,366,2024-05-10,34
83510387,87927193,Chancay,226,2025-09-01,22
24251916,44142276,Callao,308,2023-03-03,42
88988614,88376399,Callao,421,2024-10-13,43
37368326,15336173,Callao,392,2024-05-30,39
49663379,56302281,Callao,354,2023-10-08,34
28842350,77409570,Callao,489,2023-01-14,42
24711025,93541046,Callao,372,2024-05-29,42
97986930,11208496,Chancay,107,2025-06-13,23
43516133,96863039,Callao,426,2023-05-09,43
83044348,81621400,Chancay,247,2025-10-15,20
20080417,15340423,Callao,480,2023-08-29,35
85027778,97439222,Callao,499,2024-02-13,45
26706742,28315417,Chancay,266,2025-11-16,23
23087642,72560306,Callao,396,2023-10-14,32
52310907,11436160,Callao,483,2023-03-20,36
44273424,15189575,Callao,422,2024-08-18,37
83531980,27524093,Callao,423,2023-03-03,30
65628363,60658704,Chancay,131,2025-05-08,21
88337535,18803166,Callao,357,2023-05-21,33
37922769,61414796,Callao,446,2023-03-01,35
81110935,54228838,Callao,496,2024-06-22,40
55192497,74232603,Callao,496,2024-09-04,42
19529052,57449905,Chancay,168,2025-01-16,20
29523647,16276145,Callao,384,2024-03-24,45
83578693,28667165,Chancay,212,2025-02-16,19
40070658,49351000,Callao,403,2024-12-14,43
25105084,16318391,Callao,376,2023-01-27,45
15250589,30387816,Callao,348,2023-02-21,39
88163803,65205715,Callao,427,2024-08-25,45
31882060,58303821,Callao,498,2024-09-26,45
35570166,32789875,Callao,346,2024-12-19,40
90735488,54544432,Callao,392,2023-05-26,32
27104123,37492662,Chancay,280,2025-09-08,24
36185775,13651552,Callao,438,2024-03-02,31
53147195,59055502,Chancay,101,2025-09-10,25
28997872,37971516,Callao,474,2024-03-21,44
41764741,64727613,Chancay,161,2025-01-29,24
78100007,71973367,Chancay,158,2025-06-06,24
61825047,44188682,Callao,391,2024-09-20,34
73518352,11480620,Callao,330,2023-10-04,34
94374959,83490528,Callao,414,2023-09-29,38
80261808,21523508,Callao,418,2023-08-27,40
88856762,90071154,Callao,373,2024-04-12,38
57881380,77041000,Callao,453,2023-11-12,45
39957207,96376821,Callao,368,2023-02-22,34
41374349,83750489,Chancay,161,2025-05-16,18
86964079,66982709,Callao,500,2023-06-10,37
91277598,32313873,Callao,339,2023-03-13,42
15641521,81633139,Callao,408,2024-07-16,35
60745301,87732116,Callao,402,2024-06-29,33
54941899,77295353,Chancay,232,2025-08-08,20
95973612,26241803,Chancay,218,2025-06-23,19
23329066,76527663,Callao,459,2023-12-14,35
19841714,22028164,Chancay,282,2025-10-02,24
87286805,34149340,Callao,320,2024-05-29,44
60607367,84847059,Callao,311,2024-02-22,32
84569693,97320895,Callao,357,2024-05-04,34
13821342,39565208,Chancay,274,2025-03-06,20
96069097,39727387,Callao,357,2024-05-08,44
49103911,37351842,Chancay,214,2025-06-21,25
21084528,60354172,Callao,412,2023-03-13,38
82265968,81719766,Callao,344,2023-02-27,37
25695250,48457540,Callao,312,2024-03-27,35
37600506,57297720,Callao,435,2024-06-09,45
59643921,85329205,Callao,317,2024-01-19,39
68514847,83445138,Callao,499,2023-11-06,41
66377015,47054203,Callao,348,2023-02-24,39
95908026,53725024,Callao,456,2024-12-07,33
12787711,75607894,Callao,350,2024-11-02,35
81764579,28510672,Chancay,299,2025-11-10,21
16598346,81373561,Chancay,296,2025-06-09,25
38630613,62138671,Callao,310,2023-12-31,33
44352540,79565989,Callao,319,2023-11-07,32
94774122,79244820,Chancay,194,2025-05-29,22
99043156,88773408,Chancay,139,2025-09-30,25
40242387,21548774,Callao,453,2023-12-29,43
54726704,13522822,Callao,400,2024-01-19,44
73648573,83481405,Chancay,225,2025-03-07,19
39335392,13122310,Callao,369,2023-11-14,45
88013672,11779686,Chancay,221,2025-12-19,22
82136074,94138961,Callao,366,2023-10-21,42
41793021,88940729,Callao,497,2024-06-28,41
34097530,47998027,Chancay,285,2025-12-11,21
35392428,31176769,Callao,396,2023-11-24,32
72977377,51574353,Callao,374,2023-01-19,40
48716753,70834065,Callao,344,2024-04-01,35
14608204,51370407,Callao,396,2024-09-10,37
13995605,79919651,Callao,371,2024-06-30,32
15718459,25296821,Chancay,208,2025-10-14,21
80127585,87389201,Callao,475,2024-01-11,34
41996510,67716389,Callao,339,2023-11-09,32
53174114,14712312,Chancay,251,2025-07-27,18
42087532,51552441,Callao,410,2023-06-27,34
30584156,25246226,Callao,362,2024-09-06,31
96980069,28982432,Callao,375,2024-12-23,42
16381622,99055805,Callao,352,2024-10-30,31
27436765,65078542,Chancay,125,2025-06-24,18
26067363,57383849,Chancay,160,2025-08-09,18
22793772,45951887,Chancay,170,2025-01-29,19
94942417,94601016,Chancay,235,2025-10-09,18
14644825,83083567,Callao,351,2023-12-29,38
72568162,92169050,Chancay,120,2025-01-27,21
53112648,81850905,Callao,354,2023-06-26,42
25427110,45084474,Callao,331,2024-02-19,42
52109990,24437935,Callao,328,2024-09-02,41
42981056,74332130,Callao,421,2023-09-15,44
51707536,73575707,Callao,302,2024-02-03,45
44044117,99914553,Callao,393,2024-09-23,38
41684610,69023754,Chancay,236,2025-08-08,24
91243986,15740239,Chancay,263,2025-03-25,21
91102307,20777577,Callao,378,2023-07-29,41
22804743,33402513,Chancay,222,2025-10-09,20
11645989,54163356,Callao,383,2023-09-28,40
43407537,65189120,Callao,428,2024-07-05,39
53153308,52163581,Callao,480,2024-05-06,39
47710472,36261935,Callao,417,2024-06-05,31
28047948,32554013,Callao,442,2024-05-15,33
46363832,87702183,Chancay,207,2025-07-17,21
23265450,34349109,Callao,335,2024-07-15,32
23178514,38829779,Callao,364,2024-11-14,43
75012657,64941174,Chancay,137,2025-01-02,22
77590498,50144253,Callao,462,2024-02-16,43
77356861,91733204,Chancay,168,2025-10-16,23
63252220,64473272,Chancay,296,2025-07-26,24
53628878,54916532,Callao,414,2024-01-02,38
71221096,22498572,Callao,316,2024-05-23,35
52126799,95420612,Chancay,274,2025-12-12,25
18220494,85352078,Chancay,186,2025-10-19,25
47361717,97532412,Chancay,266,2025-04-08,23
98461210,45823812,Callao,444,2024-11-20,38
28592633,82726566,Callao,422,2024-08-09,32
22661646,70278383,Callao,319,2023-07-29,39
61007378,42688639,Chancay,218,2025-05-03,20
57245218,73126404,Callao,374,2024-03-30,43
42580796,35270219,Chancay,283,2025-08-21,20
33254057,12358866,Callao,355,2023-04-29,41
37718476,95634383,Callao,492,2023-07-11,41
46445878,42271605,Chancay,103,2025-06-17,22
18426511,42116536,Chancay,220,2025-11-22,25
32341587,80287214,Chancay,182,2025-12-26,20
81707480,66104115,Callao,443,2023-08-26,43
52410658,93388901,Callao,408,2023-11-23,37
63616793,51323751,Chancay,165,2025-02-13,18
81808022,72757236,Callao,458,2023-03-18,36
65393503,45165437,Chancay,187,2025-06-01,21
90039924,37721175,Callao,339,2024-03-28,40
14314665,49053691,Chancay,189,2025-04-24,19
28783231,24497231,Callao,489,2024-02-03,33
70543324,86831299,Callao,428,2023-07-05,30
12921874,83532899,Callao,303,2023-04-03,43
42997892,55538107,Chancay,219,2025-11-03,19
76222296,60385337,Chancay,217,2025-04-16,25
10437864,32326952,Callao,428,2024-05-20,45
23665812,86017831,Callao,462,2024-05-19,33
63035254,49467033,Callao,402,2023-10-19,33
94020592,94221197,Callao,437,2023-01-19,44
95206967,99516960,Callao,412,2023-06-19,42
46209996,26809543,Callao,371,2023-10-21,43
34920646,11262364,Chancay,280,2025-01-21,23
77250428,90640158,Callao,416,2023-06-26,42
83157679,83423899,Callao,362,2023-09-08,38
72046498,42145437,Callao,421,2024-05-28,41
90591057,89048670,Chancay,145,2025-12-15,23
97635335,12102096,Chancay,280,2025-01-15,23
62325694,41036692,Callao,424,2023-02-07,44
39520938,69410666,Callao,317,2024-08-23,44
37748219,28745816,Chancay,213,2025-06-05,19
21837472,41542237,Callao,497,2023-02-26,37
52838933,83700465,Callao,399,2023-03-19,41
58302621,73442360,Callao,438,2023-12-13,39
59000979,22950047,Chancay,148,2025-03-11,23
92217569,24868929,Callao,477,2024-10-18,42
95947031,13360464,Callao,382,2024-03-25,35
41086070,80312041,Chancay,109,2025-08-11,19
51004512,25191540,Callao,409,2024-03-14,30
72803659,65763700,Callao,485,2023-03-07,41
66530712,57773314,Callao,356,2023-09-25,35
13946104,76762067,Callao,321,2024-04-13,40
41514954,59034275,Callao,377,2024-12-19,32
24649043,79799134,Callao,379,2024-10-26,35
51190548,86645100,Callao,312,2023-06-01,30
32711416,73309738,Callao,401,2024-07-13,31
91359753,77000680,Chancay,103,2025-03-28,22
47808391,72689294,Chancay,142,2025-05-15,25
53867530,72629266,Chancay,300,2025-12-12,19
41791861,69145150,Callao,494,2023-08-28,45
57184426,48155818,Chancay,117,2025-03-14,19
18524621,61123503,Callao,300,2024-01-14,35
97573279,82493922,Chancay,138,2025-02-13,19
77259679,69864747,Callao,444,2023-05-29,42
41787614,30029994,Callao,441,2023-05-12,30
17707685,54508295,Callao,453,2023-09-22,45
23787211,66051418,Chancay,146,2025-02-07,20
76162466,64321958,Callao,336,2024-02-08,42
96396667,12689750,Callao,450,2024-04-19,40
12737431,44166405,Callao,443,2024-11-23,35
36001550,98707430,Chancay,133,2025-04-28,22
81432424,85094409,Callao,362,2024-11-10,42
49997849,22761160,Chancay,229,2025-05-14,18
43997751,84291014,Callao,434,2024-04-23,42
55358985,24123935,Chancay,280,2025-02-07,21
85117786,77203838,Callao,491,2024-01-21,44
32028737,64854613,Callao,338,2023-08-07,33
57025035,50068026,Callao,322,2023-11-02,37
40408019,18019833,Callao,390,2023-11-22,37
77318723,83658191,Callao,396,2024-11-04,32
28926752,94616316,Callao,464,2024-08-15,31
35100162,47185040,Callao,450,2023-08-08,44
28196378,16996728,Chancay,194,2025-10-22,25
19922093,62579474,Callao,356,2023-10-19,37
31887139,76214692,Callao,315,2024-01-12,37
44010547,12839504,Chancay,187,2025-10-07,23
65797979,43655589,Chancay,267,2025-08-22,19
44290754,49899866,Callao,440,2024-02-16,41
56033898,32892490,Chancay,291,2025-01-30,19
36706754,55103766,Chancay,136,2025-12-15,24
44919981,18100828,Callao,311,2024-07-26,37
33238783,97492955,Callao,460,2024-01-23,37
15411406,13305403,Chancay,157,2025-11-15,25
17160513,12700262,Callao,367,2023-12-05,43
85726237,86944875,Callao,461,2024-08-03,31
88430398,47413862,Callao,497,2023-08-24,35
46442419,32375902,Callao,367,2024-03-17,43
16487828,31667562,Callao,343,2023-08-09,41
51322750,95962523,Callao,483,2023-12-18,45
14344506,25409311,Chancay,158,2025-06-03,22
29507714,61540192,Chancay,167,2025-12-29,25
19655597,43978259,Callao,329,2024-10-24,38
11398492,27639206,Chancay,258,2025-11-18,25
18253121,57224155,Chancay,247,2025-05-19,24
17022541,68543360,Callao,373,2023-09-14,42
37480899,86462190,Callao,497,2023-05-11,36
37826528,39846901,Chancay,138,2025-07-22,25
85703190,95135095,Callao,340,2023-05-17,45
91926530,46927469,Callao,482,2023-12-02,35
12568618,24484383,Chancay,176,2025-12-09,25
43219581,14104783,Callao,320,2023-12-15,45
96031960,18721093,Callao,394,2023-06-08,44
97581020,10329527,Chancay,272,2025-09-26,22
16144528,91735043,Callao,356,2024-12-13,35
54761499,40959789,Callao,468,2024-03-06,39
25895748,91672722,Callao,333,2024-11-27,36
39240502,80539322,Callao,425,2023-04-29,34
97693331,21863970,Callao,490,2024-02-22,44
33581919,84005749,Chancay,204,2025-01-31,21
20438667,18081773,Chancay,173,2025-08-26,25
27064380,44392469,Callao,366,2024-01-24,34
40800692,36224568,Callao,450,2024-05-25,37
41207607,13627702,Callao,311,2023-10-26,39
59481690,25081919,Callao,426,2023-10-28,36
91621843,84725127,Callao,394,2023-02-14,42
30616400,38300310,Chancay,221,2025-07-24,21
35320939,10197976,Callao,382,2024-02-04,45
38569500,90527751,Callao,477,2023-06-19,34
91600892,68017962,Callao,421,2024-12-20,33
86274017,18935297,Callao,373,2023-05-19,33
73408182,87391360,Chancay,295,2025-03-19,21
61460956,59624060,Chancay,110,2025-07-01,18
34890826,35231895,Chancay,228,2025-08-14,22
84646220,63057276,Chancay,261,2025-04-26,22
20289538,52935831,Callao,493,2024-08-01,30
92599732,93100367,Chancay,173,2025-02-27,24
58031394,85671447,Callao,439,2024-09-06,31
83024190,20166431,Callao,411,2024-09-09,35
79312231,79247746,Callao,354,2024-10-22,38
77123904,47913894,Callao,307,2023-05-15,33
59539592,25950640,Callao,381,2023-04-21,33
70819835,22027282,Chancay,137,2025-04-21,20
48751609,93206528,Callao,468,2023-10-29,32
70550131,38045124,Callao,341,2024-05-17,40
42314714,90974546,Callao,369,2024-03-12,43
31166064,11307156,Chancay,102,2025-06-03,24
48142557,93031594,Callao,302,2023-10-11,39
95267321,51219891,Callao,388,2024-04-06,45
71015177,53447022,Chancay,287,2025-01-16,20
93156509,22883757,Callao,489,2024-11-08,37
34620143,32860981,Callao,328,2024-02-18,44
73588160,47305744,Chancay,158,2025-09-30,25
85155989,92465890,Callao,353,2024-03-01,42
74338225,83808570,Callao,485,2023-04-23,40
52582382,31908074,Chancay,119,2025-11-04,22
16302480,98512707,Callao,359,2023-09-25,32
29027760,46319084,Callao,462,2024-12-21,35
91982952,66657119,Callao,325,2023-01-02,42
73580528,98328826,Callao,377,2024-06-08,45
70924683,58822931,Chancay,300,2025-09-10,20
61557937,21558481,Callao,458,2023-02-07,31
57595467,23200130,Callao,472,2023-02-06,45
37093248,29574448,Callao,400,2024-01-30,32
16425844,54731188,Callao,321,2023-08-08,35
14811699,71870971,Callao,475,2023-04-03,31
55900419,90059482,Callao,394,2023-08-07,45
98227960,16029495,Callao,489,2023-05-28,42
66090391,36670094,Callao,445,2023-07-06,35
86619743,56640314,Callao,384,2024-04-27,39
77643334,24860215,Chancay,196,2025-08-23,20
22673272,89828713,Callao,469,2024-05-14,32
56303372,18089833,Callao,500,2024-07-31,30
97450797,87515535,Callao,468,2024-04-04,33
50611738,95941868,Chancay,285,2025-09-02,22
66460867,46383398,Callao,492,2023-01-24,43
44633488,44539873,Callao,324,2024-02-19,37
40111726,22428883,Chancay,126,2025-08-18,24
18402737,62406104,Chancay,279,2025-01-20,20
86494269,64164903,Callao,310,2023-12-13,39
70693251,35625682,Callao,493,2024-05-09,39
24290055,18755839,Callao,302,2023-01-06,41
64574952,50009706,Chancay,261,2025-06-19,22
19491917,74131438,Callao,478,2023-02-20,32
93263622,79586314,Callao,485,2024-12-16,34
90966807,21229186,Callao,499,2024-07-22,33
12393017,19103082,Chancay,174,2025-08-06,19
68724146,36454673,Callao,474,2023-03-13,34
79726211,53608383,Chancay,236,2025-06-11,22
90891161,10688486,Chancay,116,2025-01-18,20
49431471,45324516,Chancay,159,2025-12-17,19
15613882,27363300,Chancay,214,2025-12-30,22
24357615,18966523,Chancay,184,2025-07-03,18
13242496,65357266,Callao,390,2024-03-27,44
39270167,24305578,Callao,357,2024-11-05,33
63071437,99243502,Callao,371,2024-04-18,37
40105477,51054049,Callao,493,2024-07-08,30
18926629,72042368,Callao,430,2023-12-04,33
62172392,65016299,Callao,383,2023-12-25,30
23345759,80248875,Callao,485,2024-07-07,30
59901805,43995468,Callao,401,2023-03-20,41
75903230,46770415,Callao,383,2023-10-31,34
22037355,43250107,Callao,333,2024-11-25,36
11179217,27925335,Callao,487,2023-05-08,32
81062739,13518189,Callao,411,2024-11-29,37
71008826,49202080,Callao,385,2024-07-07,33
68512938,94764421,Callao,432,2023-08-02,40
97434819,92194121,Chancay,281,2025-12-10,20
91369664,70364175,Chancay,292,2025-02-27,22
33619276,22712413,Callao,409,2023-04-06,36
22678934,34909171,Chancay,269,2025-10-10,20
78508086,40320502,Callao,371,2023-07-30,35
96349096,53307968,Callao,429,2024-11-24,35
67383380,90888627,Chancay,137,2025-01-22,22
74040612,79814603,Callao,446,2024-10-31,42
12206407,35625983,Callao,417,2023-03-07,32
70183426,17192868,Callao,460,2024-09-13,44
91520891,78886528,Callao,311,2023-04-09,43
85048414,63225019,Chancay,149,2025-10-22,22
15963920,97791802,Callao,345,2024-06-19,34
15478087,31700837,Callao,341,2024-02-04,37
88935776,59303857,Callao,382,2023-02-01,40
37006443,25353594,Callao,459,2023-08-01,35
67702829,78597211,Callao,354,2024-11-09,38
81069234,69307135,Callao,308,2023-06-28,43
83459462,70798637,Callao,389,2023-11-03,33
10978087,34970156,Chancay,268,2025-11-19,25
13833616,43044265,Callao,378,2023-02-10,38
62557720,14571119,Callao,313,2024-07-06,43
97466377,59583539,Callao,416,2024-08-07,43
19802856,65626585,Callao,378,2024-10-05,40
55376958,15488204,Callao,465,2023-06-02,36
35615886,62763579,Chancay,149,2025-03-09,24
31634580,63429750,Callao,308,2023-03-01,41
46968932,40097401,Callao,421,2024-03-01,35
48919928,61084634,Callao,490,2023-09-09,36
86272174,80915819,Callao,480,2024-09-15,37
19499661,38825680,Callao,466,2024-04-03,31
15808456,67243674,Chancay,127,2025-12-26,20
33430029,64740396,Callao,462,2023-03-06,32
10360131,37054350,Callao,318,2023-01-24,45
48060642,78998683,Chancay,206,2025-03-25,22
99609621,60667023,Callao,381,2023-12-30,34
26674428,65407171,Callao,386,2024-11-19,39
27000671,86429970,Chancay,299,2025-05-26,24
80189668,98235226,Callao,440,2023-10-15,33
29339146,84664258,Callao,464,2023-11-12,40
14197518,37292593,Callao,332,2024-10-07,33
50889444,69646901,Chancay,291,2025-08-16,19
67680605,22403319,Chancay,271,2025-06-02,25
70747280,20540991,Chancay,264,2025-11-25,18
67633732,69942043,Callao,424,2024-02-09,45
78095936,67925727,Chancay,181,2025-02-17,19
46964540,33657976,Callao,391,2024-09-10,31
91087644,87167906,Callao,382,2024-01-13,37
74234287,89916873,Callao,483,2024-01-16,39
34867743,51200851,Callao,470,2024-10-24,34
92586793,73949760,Chancay,118,2025-01-09,19
61806237,99435497,Chancay,128,2025-08-21,19
30603207,58739807,Chancay,218,2025-08-10,19
93374912,76891613,Chancay,134,2025-07-27,22
10091677,77434668,Callao,500,2023-05-19,41
40114588,29320671,Callao,378,2024-11-12,42
25143400,80603622,Callao,336,2024-01-24,37
13251888,20472600,Callao,459,2024-11-02,30
31041620,42143530,Callao,388,2023-08-19,44
52818832,86579589,Callao,337,2024-05-06,43
10952392,94957149,Chancay,278,2025-06-06,22
12948583,95327451,Callao,483,2023-04-23,38
80973270,95960819,Callao,458,2023-06-26,43
66044873,13704020,Callao,306,2024-10-17,31
43594309,78416436,Callao,361,2023-04-02,30
14279920,53591342,Chancay,158,2025-11-11,22
42981770,64853275,Chancay,124,2025-03-29,24
69262674,80235385,Callao,360,2024-12-27,39
47451776,43793163,Callao,487,2024-02-18,42
63772095,78464526,Chancay,150,2025-03-22,22
92146179,27362668,Callao,348,2024-05-01,38
51488508,33765088,Callao,495,2024-09-20,38
78079007,37958227,Chancay,109,2025-09-09,24
77874765,48151322,Callao,361,2023-09-16,38
55667956,85802748,Callao,338,2024-10-21,36
17959542,77820402,Chancay,177,2025-12-09,22
31378236,12733535,Callao,413,2023-12-21,39
28217558,44771750,Chancay,277,2025-07-21,18
85671914,79707283,Callao,392,2024-05-28,35
76375095,21015955,Chancay,201,2025-04-18,18
28127560,81602313,Chancay,249,2025-01-06,19
45091722,44654868,Callao,331,2023-05-24,30
29023993,10080276,Callao,423,2024-01-10,33
87954415,34819474,Callao,439,2023-05-17,31
31811341,84793565,Callao,373,2024-02-03,36
38429022,83012339,Callao,483,2023-08-31,40
33808479,24821338,Callao,349,2023-03-18,37
51465037,37360568,Callao,447,2024-08-28,44
22253427,31850978,Callao,469,2024-02-24,45
63260773,18044037,Callao,392,2023-06-26,42
72835515,43196819,Chancay,274,2025-03-18,25
33198650,77832231,Chancay,171,2025-04-19,19
37767194,18969117,Callao,493,2023-05-30,44
30414766,79648804,Callao,358,2024-06-06,39
27676973,62033866,Callao,444,2024-01-09,34
46218221,93518996,Chancay,155,2025-09-19,18
63272153,73422002,Chancay,101,2025-03-08,22
24305501,60468782,Callao,353,2023-10-10,41
37515218,70640210,Callao,430,2024-02-09,45
99059469,68417090,Callao,460,2023-01-28,40
18196753,76657716,Chancay,107,2025-06-20,19
16681632,31919249,Callao,480,2024-08-04,35
38668335,11486026,Callao,307,2023-04-06,44
90635139,33744997,Callao,465,2024-09-04,35
67377111,83912470,Callao,409,2023-06-20,32
82426619,95317223,Callao,320,2023-09-21,43
46150563,93718695,Callao,442,2024-07-04,38
28763784,29498687,Callao,348,2024-11-27,30
60591225,23125510,Callao,416,2024-05-10,40
99889150,68244038,Callao,489,2024-10-11,44
25620997,16398345,Callao,372,2023-03-13,31
78507518,94692110,Chancay,265,2025-10-16,25
99970458,54578767,Chancay,241,2025-08-31,24
99467482,68406590,Chancay,112,2025-08-23,20
30288652,17160401,Chancay,267,2025-06-26,25
27868800,52031322,Chancay,185,2025-12-24,23
63953267,39277729,Chancay,273,2025-09-07,21
75908696,52704715,Callao,480,2023-05-18,38
71000215,95741339,Chancay,125,2025-07-09,24
95460430,28776328,Callao,392,2023-12-02,36
54219950,85694146,Callao,497,2024-02-29,32
20789063,54804398,Chancay,199,2025-08-02,23
47080434,63622636,Callao,493,2024-07-12,37
72756082,27004033,Callao,480,2024-10-02,39
51748549,47265621,Callao,307,2024-03-27,33
63150120,13062180,Callao,391,2024-07-05,32
90374357,97297025,Callao,315,2023-06-30,44
43757625,66327684,Callao,466,2024-06-30,39
93916155,61033069,Callao,359,2024-03-27,44
90897843,10643098,Callao,483,2023-07-15,40
12389817,53831931,Callao,340,2024-11-30,39
51210061,40559542,Chancay,118,2025-03-10,22
26537939,29316923,Callao,485,2024-11-04,31
41227206,27782523,Callao,411,2024-03-22,39
33333983,50123661,Callao,365,2024-12-25,44
29675386,10622358,Callao,334,2023-10-06,33
42523744,21744778,Callao,420,2023-04-23,45
26772484,92477301,Callao,476,2023-11-04,43
76904735,69813110,Chancay,117,2025-05-30,21
38892575,25666573,Callao,310,2024-07-14,45
68992285,81894006,Chancay,208,2025-04-05,20
88564029,73574008,Callao,327,2023-10-18,44
90008913,57806521,Callao,422,2024-11-29,43
36779485,26694815,Chancay,262,2025-08-09,21
30693769,46845426,Callao,317,2023-02-26,33
94579721,26615688,Chancay,188,2025-03-13,18
71718442,14895704,Callao,365,2024-01-07,39
85320575,65452064,Callao,424,2024-09-18,36
46355186,96326487,Callao,362,2024-03-05,33
49010328,85563979,Callao,369,2024-07-25,42
33280650,39010577,Callao,390,2024-03-30,34
25357102,94352122,Chancay,135,2025-12-05,25
30587006,18602646,Chancay,186,2025-04-01,20
49328207,30126255,Chancay,251,2025-05-19,20
19127022,30869897,Chancay,209,2025-07-28,21
73958420,61252744,Callao,351,2023-08-26,32
39922586,34874017,Callao,391,2023-07-28,38
52695526,96544847,Callao,426,2023-10-11,39
99220745,83269352,Callao,333,2023-01-08,31
64971776,92149095,Chancay,273,2025-04-21,23
86400101,70687817,Callao,424,2023-07-08,31
77700431,65721922,Callao,404,2023-12-04,44
40803165,56420197,Callao,409,2024-12-23,38
24267461,74953585,Callao,372,2024-03-15,32
15046852,93639888,Callao,368,2024-06-06,36
42923300,14780099,Chancay,249,2025-05-18,18
99883097,35282506,Callao,388,2024-11-21,37
12324758,81998806,Callao,323,2024-09-21,38
73380195,22046258,Chancay,196,2025-05-13,20
36684891,44771032,Callao,406,2023-01-31,31
70766748,23338299,Chancay,100,2025-06-01,20
66413690,94288963,Callao,386,2024-10-04,37
68828429,26808282,Chancay,121,2025-04-23,24
22000654,64047629,Callao,312,2023-04-13,42
18461453,96956458,Callao,320,2023-10-31,41
59952592,71353076,Callao,451,2023-01-11,37
39299017,59192073,Callao,461,2024-12-21,36
18045604,60449808,Callao,331,2024-10-23,39
24775309,17905777,Chancay,230,2025-12-22,19
69666775,94337216,Chancay,291,2025-08-11,21
42824370,11478296,Callao,379,2024-11-14,36
86150945,77439208,Callao,332,2023-06-11,31
85363946,27406840,Callao,405,2024-10-25,40
78239870,61099640,Chancay,140,2025-12-26,18
91747218,58030656,Chancay,204,2025-09-08,18
56945242,93844801,Chancay,220,2025-08-07,20
98095719,75659288,Callao,481,2023-06-10,32
35809554,43279422,Callao,367,2024-09-21,33
34384575,35158146,Callao,469,2024-04-21,41
22224299,79887743,Callao,478,2024-02-24,39
23406437,37444463,Chancay,114,2025-02-27,20
33542548,24007668,Callao,478,2023-06-26,44
96078279,91513901,Chancay,277,2025-09-24,22
48341939,40824435,Callao,474,2024-07-17,45
21180859,89179775,Chancay,170,2025-02-07,25
14281761,86969440,Callao,379,2024-05-08,34
42234123,43752915,Callao,486,2024-12-14,32
72320239,29367188,Callao,466,2023-05-27,38
20693905,46968489,Chancay,219,2025-05-18,22
15434507,75837907,Callao,399,2023-04-30,41
72801805,12707933,Callao,347,2023-01-04,32
59655849,47238515,Chancay,135,2025-08-06,19
15839096,71415530,Callao,391,2024-04-20,30
83571282,24181812,Chancay,270,2025-11-06,18
69038807,65512958,Chancay,190,2025-06-21,23
87981850,85023550,Chancay,272,2025-07-13,25
53501414,14865303,Chancay,105,2025-11-15,21
76089206,94383839,Callao,456,2024-04-15,36
50138330,50635933,Chancay,128,2025-01-24,25
12649221,56427649,Chancay,238,2025-09-10,25
74864542,75309601,Chancay,186,2025-05-03,21
18562174,95663094,Chancay,135,2025-03-07,22
66422328,11790411,Chancay,229,2025-12-12,22
36649100,29052131,Callao,354,2024-01-20,33
34941818,31145371,Chancay,134,2025-05-12,25
15489209,13743463,Callao,375,2023-07-04,39
17263457,92415054,Chancay,225,2025-11-10,24
73675884,51591937,Chancay,202,2025-09-20,18
69463453,95062968,Callao,442,2024-06-23,38
80068090,13170729,Chancay,209,2025-03-11,25
29646186,54503273,Chancay,132,2025-04-25,20
73107774,16969410,Callao,314,2023-08-20,41
25126880,92507444,Callao,421,2024-02-02,40
96162368,77573118,Callao,319,2023-01-05,40
83054715,60865539,Callao,496,2024-08-04,44
71982279,71269097,Chancay,280,2025-07-31,18
28610200,77871948,Chancay,268,2025-08-03,18
45511356,60336287,Callao,401,2024-03-11,45
97692115,92519557,Callao,362,2024-04-22,41
21979335,33637881,Chancay,298,2025-10-01,25
35247864,34301659,Chancay,239,2025-09-09,20
79136858,83155017,Callao,480,2023-02-09,33
13546458,87931254,Chancay,111,2025-10-06,24
81359961,65174499,Chancay,268,2025-08-13,25
68783284,34359323,Callao,489,2023-01-22,35
60378410,67075824,Callao,496,2023-02-08,31
12570617,56866104,Callao,440,2024-12-10,34
90479145,34665180,Callao,431,2023-03-26,42
84824126,96474035,Chancay,155,2025-10-21,25
72286673,55170519,Chancay,109,2025-07-15,24
17606095,74797540,Callao,346,2024-08-16,37
18285272,21641416,Callao,319,2024-03-15,44
14539452,38702865,Callao,491,2024-03-25,39
78046759,96996330,Callao,442,2024-02-07,36
12634619,65132886,Callao,493,2023-07-12,41
31445390,20114410,Callao,374,2023-05-31,41
85702433,10569929,Callao,384,2024-07-21,31
43195226,31895520,Callao,332,2023-03-27,34
28608137,70854719,Callao,360,2023-07-21,40
15487130,37104571,Chancay,201,2025-05-22,18
22130870,85716251,Callao,322,2023-01-23,34
94023908,75054036,Chancay,190,2025-01-02,24
33341982,40591287,Callao,416,2024-02-10,33
35486334,13562037,Chancay,212,2025-07-05,25
45245120,69836806,Callao,474,2023-11-20,39
35171979,52076077,Chancay,102,2025-02-16,25
65232815,85064194,Callao,307,2023-01-25,35
22378258,69089262,Callao,388,2023-10-09,37
96442812,90709618,Chancay,139,2025-07-30,21
34662717,16222445,Callao,311,2023-04-30,35
38833722,33599278,Chancay,169,2025-10-21,18
76523501,83279829,Chancay,239,2025-05-05,24
32593887,42859598,Callao,430,2023-12-11,44
40109121,23559368,Chancay,205,2025-02-10,24
23009031,54055135,Callao,342,2024-03-27,36
43916770,97539337,Chancay,238,2025-07-27,21
86060053,24566040,Callao,362,2024-03-08,35
50816375,87432258,Callao,408,2024-03-17,30
23545551,53295878,Chancay,269,2025-05-10,21
41090283,75204987,Chancay,138,2025-08-25,25
12727917,80144593,Callao,404,2023-04-13,44
36531054,74192245,Chancay,284,2025-04-10,20
16853977,13466692,Callao,472,2023-02-13,45
41481248,11151876,Chancay,149,2025-08-15,23
76183360,45039886,Callao,441,2024-11-08,45
28698034,31124473,Callao,433,2023-06-19,42
72089954,11020027,Callao,331,2024-04-17,39
24934907,87802796,Callao,382,2023-07-28,41
33273179,35627702,Callao,358,2023-06-12,42
44763873,73532160,Chancay,176,2025-10-19,21
12516690,34216936,Callao,365,2023-11-24,30
23764683,41587468,Callao,383,2024-08-08,39
58659348,44603409,Chancay,116,2025-09-26,25
10638361,39728471,Callao,326,2024-02-12,37
63527112,88719344,Callao,427,2023-07-03,42
53379604,60830488,Callao,381,2023-03-07,36
19206116,57384616,Callao,455,2023-11-12,31
82735979,45966387,Chancay,119,2025-09-18,24
96842850,52512289,Callao,479,2024-01-10,35
76458785,94306104,Callao,411,2024-04-07,42
79772676,72628229,Callao,396,2023-10-08,44
81503568,57629656,Callao,480,2023-02-26,33
48652630,39118017,Callao,319,2023-03-04,33
76365520,14830412,Callao,377,2024-07-03,33
86361413,52563537,Callao,427,2024-03-21,44
27582956,99322294,Callao,433,2024-01-30,39
84408875,73956396,Chancay,128,2025-03-08,21
49051967,94501010,Callao,397,2024-09-30,41
45703550,83272456,Callao,475,2024-01-25,45
57398872,31444163,Chancay,198,2025-09-28,19
41873997,54348760,Callao,361,2023-11-10,38
80667525,75730277,Callao,438,2024-08-19,35
44065321,15724965,Callao,308,2024-04-16,39
89460364,36278130,Callao,420,2024-11-30,40
22898247,38536260,Callao,418,2024-06-09,35
12316905,66003976,Chancay,135,2025-11-24,25
58792618,81418936,Callao,372,2024-05-06,32
95995503,39755926,Callao,309,2023-01-25,31
23437953,82677602,Callao,454,2024-12-24,34
75690651,48176648,Callao,376,2024-08-29,31
27221150,47588552,Callao,499,2024-10-29,45
36438506,93446104,Callao,347,2023-05-12,35
26726510,52218565,Callao,305,2023-07-02,42
95093745,70621180,Callao,348,2023-12-27,35
46199676,62565204,Callao,448,2023-08-07,44
79778579,38515759,Callao,496,2023-05-03,35
98047776,78563063,Callao,355,2023-08-11,32
17969976,59540357,Chancay,249,2025-09-05,22
44558611,34964601,Callao,463,2024-12-09,40
93363912,23796518,Callao,455,2024-09-01,36
44706478,55896292,Chancay,193,2025-08-02,19
99521940,37780782,Callao,351,2023-04-15,30
49384447,13019727,Callao,403,2024-06-30,44
57465400,66030211,Callao,481,2024-03-24,45
83911187,11405883,Chancay,159,2025-04-19,25
79843435,22413870,Callao,450,2023-01-03,37
26020523,16662379,Callao,306,2024-11-06,44
72577208,79775097,Callao,357,2024-02-21,37
70188547,53617253,Callao,397,2023-08-14,37
87008086,35325102,Callao,310,2023-11-05,37
64747305,33483982,Callao,462,2023-10-10,38
64725177,47530872,Callao,486,2023-12-21,41
20958390,63603172,Callao,410,2023-11-12,37
89775026,18813486,Chancay,141,2025-12-12,23
98734381,56984450,Callao,449,2023-11-09,31
49247977,80624475,Callao,302,2024-02-13,36
95913955,45777946,Callao,445,2023-06-28,45
72314152,49254437,Callao,450,2023-02-03,38
20555952,38270651,Callao,478,2023-07-07,34
68931677,23745979,Callao,434,2023-09-24,30
75485932,21235099,Callao,494,2023-12-09,43
97661265,72056583,Callao,306,2023-08-12,43
78499681,58981505,Chancay,139,2025-04-13,25
55382366,98874436,Chancay,194,2025-12-23,25
63070823,28471472,Callao,351,2023-12-01,44
25373015,77499825,Chancay,171,2025-11-17,22
62339019,39872536,Callao,399,2024-03-13,38
69707979,36235011,Callao,305,2024-07-12,39
83148030,39279113,Callao,328,2024-03-20,39
69798571,61708818,Chancay,204,2025-01-09,23
85047029,77293365,Callao,469,2024-12-09,43
33782970,11462899,Callao,421,2024-12-11,44
21736852,45758628,Callao,409,2023-07-07,34
33632368,56732868,Callao,418,2023-05-03,43
36347477,46352756,Chancay,117,2025-02-25,20
70972156,41888811,Chancay,184,2025-04-12,23
98034179,70402045,Chancay,260,2025-01-03,21
32670939,38735138,Callao,442,2023-09-23,38
14769974,85103243,Callao,460,2023-08-18,34
13009314,82513560,Callao,415,2023-05-05,33
71823834,87366679,Callao,474,2023-10-23,38
89364028,81871134,Callao,364,2024-01-03,33
54434054,23094984,Chancay,113,2025-10-14,25
77249111,15608374,Callao,309,2023-04-20,45
68375136,66619921,Callao,401,2023-03-20,39
43991032,94569057,Chancay,100,2025-02-24,21
72032541,56955969,Callao,332,2023-05-10,40
51769481,95920598,Callao,384,2024-07-21,33
87390966,61444495,Callao,357,2024-04-03,44
27561130,83831429,Callao,392,2024-12-19,44
90979994,21843090,Chancay,276,2025-05-08,21
15181055,81676047,Callao,474,2024-12-30,38
72866474,46347138,Chancay,175,2025-07-14,21
32943817,39906057,Chancay,114,2025-08-02,21
14738851,88102241,Callao,483,2023-02-13,31
54687092,85309899,Chancay,237,2025-04-30,18
81023447,54942737,Callao,331,2024-08-17,36
53645658,97170512,Callao,407,2023-12-13,33
48797011,24637899,Chancay,100,2025-01-27,25
36047104,16259352,Callao,306,2024-04-22,34
59839094,17807464,Callao,329,2024-03-29,32
10678865,66457225,Chancay,160,2025-08-02,20
77562125,20144302,Callao,391,2023-05-23,34
89877701,99399688,Callao,344,2024-11-27,45
98779020,40220340,Callao,378,2024-10-04,38
78514633,29148012,Callao,485,2023-11-04,43
94016876,68641599,Chancay,263,2025-09-10,18
93355510,49163057,Callao,340,2024-02-01,44
61262508,21382425,Callao,403,2023-09-18,42
85969366,94087722,Callao,398,2024-02-25,33
83582758,88381412,Callao,499,2023-12-21,30
16484106,67541918,Callao,328,2024-06-02,35
74862188,89873741,Callao,482,2024-01-30,34
59045745,80313160,Callao,448,2024-07-21,39
27972880,47900970,Chancay,247,2025-02-25,18
96408724,25208356,Chancay,105,2025-05-11,19
38033125,67057316,Callao,477,2024-01-03,36
81067537,95998047,Callao,359,2024-10-28,31
17601323,75970562,Chancay,161,2025-05-18,25
79020165,46964836,Callao,396,2024-02-12,32
67356337,24834271,Callao,493,2024-07-11,35
46503972,20984329,Callao,488,2024-08-09,39
79696510,90847167,Callao,496,2024-10-29,30
27536678,84341570,Callao,473,2024-01-08,42
72563806,83026914,Callao,337,2024-07-25,44
38138238,11241740,Chancay,131,2025-02-10,23
99890838,85184097,Chancay,110,2025-02-21,18
97033755,98608603,Callao,397,2024-10-12,34
65298414,65989766,Chancay,103,2025-08-03,22
66299318,87896816,Callao,425,2023-09-20,34
61945182,77708081,Callao,362,2024-03-29,33
12648258,63292918,Chancay,102,2025-09-09,18
38677528,32111318,Callao,432,2023-07-16,32
25113974,49765712,Chancay,177,2025-06-01,21
53090247,43922908,Chancay,251,2025-08-13,20
19397356,36833850,Chancay,296,2025-07-22,23
49262872,51987861,Callao,378,2023-02-26,38
81428615,91011865,Callao,403,2023-10-20,37
91779753,70038821,Callao,404,2023-08-01,33
65082658,68012922,Callao,467,2024-09-21,34
66252933,85971385,Callao,445,2024-09-26,41
55965667,66354153,Callao,492,2024-01-19,38
35870240,52353074,Callao,398,2024-07-26,31
37578291,54567740,Chancay,170,2025-02-06,21
53927420,47100892,Callao,414,2023-06-21,32
40440184,69171227,Chancay,258,2025-05-24,22
93624630,21411917,Callao,497,2023-11-16,33
14117670,29583143,Chancay,135,2025-12-02,19
20857190,45852266,Callao,458,2024-03-31,31
10203963,34763339,Chancay,282,2025-04-13,19
55838380,56983641,Chancay,108,2025-03-06,25
90701245,26410809,Callao,468,2024-01-08,35
78418161,28978590,Callao,499,2023-07-22,32
72754702,44136807,Chancay,201,2025-09-01,23
14989299,34486968,Chancay,102,2025-06-19,23
93347455,92230460,Callao,488,2024-08-01,45
64083270,51383647,Chancay,260,2025-01-07,22
36365544,43728471,Chancay,234,2025-09-29,21
64041335,69520565,Callao,369,2024-11-20,38
62910254,77433129,Callao,320,2023-02-16,36
38688994,39929376,Callao,302,2024-08-21,37
13529325,86463450,Chancay,115,2025-02-22,24
74123627,67090461,Callao,430,2024-04-20,41
41233548,52673344,Callao,423,2023-02-08,33
75632218,88757134,Callao,445,2023-08-13,37
19900809,61228406,Callao,373,2023-10-08,35
36400102,34376644,Callao,349,2024-08-28,35
85789844,14141968,Callao,380,2024-12-10,38
64901378,87472575,Chancay,130,2025-10-05,25
73811378,77178873,Callao,395,2024-02-06,36
13983484,31457253,Callao,399,2023-01-16,45
37707438,57451031,Callao,449,2023-12-11,32
31276318,32214914,Callao,407,2023-08-18,44
96824123,68205651,Chancay,245,2025-11-01,19
75865877,91607032,Chancay,153,2025-05-30,18
63394182,12949945,Callao,364,2023-09-30,38
82126307,76596338,Callao,425,2024-11-29,35
37145476,85713409,Callao,464,2024-01-17,44
50750907,28100383,Callao,340,2023-04-06,40
48034499,29620319,Chancay,229,2025-07-19,21
22937704,74790578,Callao,460,2024-12-21,31
70175595,97762497,Chancay,274,2025-05-13,21
98968899,23115822,Chancay,149,2025-07-20,19
41789441,17114341,Callao,397,2023-04-19,36
46490207,15122318,Chancay,280,2025-07-24,22
18903279,63859560,Callao,455,2023-06-19,39
84865299,82191791,Chancay,264,2025-11-12,25
91366848,70588975,Chancay,264,2025-10-30,19
47104478,71732889,Callao,308,2024-04-25,30
87171406,59388737,Chancay,140,2025-09-30,21
92640408,56783339,Callao,365,2023-02-21,30
82577516,16533103,Chancay,251,2025-07-27,23
68621577,17866280,Callao,444,2023-07-06,33
63339844,58697156,Chancay,193,2025-05-20,23
99790648,61420130,Chancay,137,2025-02-22,20
79650648,14329934,Chancay,116,2025-01-08,21
37913937,58092811,Callao,314,2023-07-17,30
85717313,51304330,Chancay,271,2025-07-27,24
52428552,18580118,Callao,399,2024-01-16,42
31071583,54238982,Callao,448,2024-06-24,36
80841373,19978135,Chancay,250,2025-09-25,18
23035439,14115334,Callao,319,2023-09-28,43
49370852,15572603,Callao,444,2024-10-18,30
69352656,66389044,Chancay,206,2025-11-09,20
97558288,40241765,Callao,414,2024-11-18,37
85481612,83973550,Callao,419,2024-06-17,41
13705839,82760789,Callao,366,2023-07-05,41
80473781,25489934,Chancay,105,2025-08-22,18
55542328,37713231,Callao,331,2024-02-16,38
12429990,48326304,Callao,497,2023-03-12,38
36360252,44929236,Callao,426,2024-08-27,33
67185247,26091400,Callao,353,2024-04-25,39
67699121,39878934,Callao,340,2023-08-04,31
90071658,68986863,Callao,499,2023-10-13,40
92320442,43113075,Callao,409,2023-11-14,38
58598962,94543447,Callao,385,2023-12-27,33
81911511,45101225,Chancay,137,2025-09-16,24
22258431,91447784,Chancay,216,2025-06-02,25
48223100,20565876,Chancay,135,2025-04-10,25
52117401,97222539,Callao,374,2023-06-26,34
16268195,38080720,Callao,467,2023-03-03,40
90818405,49854462,Callao,458,2023-05-19,45
21877514,83132837,Chancay,165,2025-11-10,23
60119031,35519554,Callao,304,2023-09-06,43
23226054,47558891,Chancay,231,2025-01-07,18
37803205,33351398,Chancay,122,2025-05-08,19
64071896,40828046,Chancay,124,2025-03-28,20
71869394,45440337,Chancay,283,2025-06-29,23
62645773,22074059,Callao,364,2024-07-18,36
17556719,20430070,Callao,497,2024-05-14,30
59735810,35618237,Callao,429,2023-05-07,34
11923571,51046811,Callao,354,2024-06-08,36
33682048,34125235,Callao,376,2023-03-01,41
29979357,72453631,Chancay,168,2025-10-21,22
29428438,27497828,Callao,381,2024-04-20,41
46259482,42388434,Callao,345,2024-06-13,38
56413473,87199928,Callao,358,2023-08-01,33
94581165,14309807,Chancay,116,2025-08-04,22
70504560,21027481,Callao,463,2023-03-04,34
67814444,93817146,Callao,483,2024-06-04,36
86793992,36907295,Callao,301,2023-12-14,35
62118918,98163619,Chancay,154,2025-05-16,24
85139053,90034035,Callao,366,2023-12-31,45
67151263,21495957,Chancay,256,2025-08-25,25
10277159,93067169,Callao,426,2024-01-03,30
99219411,98973606,Chancay,107,2025-12-07,23
52845958,57610548,Chancay,292,2025-07-06,20
65221052,81250488,Chancay,151,2025-10-09,18
72549629,14053377,Chancay,293,2025-03-26,19
77437448,36830439,Chancay,100,2025-08-13,23
60536514,11120724,Callao,462,2023-02-04,31
65261063,22393696,Callao,327,2023-02-17,44
27433231,68675376,Callao,323,2024-09-27,40
53444546,42014713,Callao,391,2024-07-30,42
82232087,28218908,Chancay,294,2025-08-14,25
21658381,92505937,Chancay,225,2025-09-27,20
66793200,90040031,Chancay,132,2025-04-28,24
58972868,44056904,Chancay,198,2025-10-30,23
97857383,54268063,Callao,362,2023-03-17,36
91009934,93517748,Chancay,103,2025-08-22,22
70255623,47058213,Callao,449,2023-06-16,40
57969548,84913694,Callao,432,2023-01-03,44
54654501,23296713,Callao,443,2024-07-04,37
17543936,22396778,Chancay,116,2025-09-09,21
77290175,10025345,Callao,323,2024-09-04,33
41945075,76864880,Chancay,221,2025-07-15,25
52195646,27220573,Callao,361,2023-03-22,30
91784414,62945669,Callao,457,2023-12-13,35
66859133,52630005,Callao,404,2024-07-26,33
27589937,73894943,Callao,430,2023-04-21,45
55166899,92143876,Chancay,205,2025-06-24,21
64975607,78499933,Callao,462,2023-07-12,35
99211887,97886849,Callao,412,2024-08-22,45
14620537,60488368,Callao,498,2023-10-04,45
44966015,57207740,Callao,484,2023-08-05,37
16152018,47768441,Callao,464,2024-03-30,43
39900408,98729596,Callao,362,2024-02-22,32
67176461,11635011,Callao,473,2024-12-31,44
72891013,15439390,Callao,300,2024-10-31,35
98234068,44982059,Chancay,298,2025-10-03,20
89599829,42874206,Chancay,278,2025-12-10,18
60573884,97496628,Chancay,160,2025-04-05,18
47433103,54631132,Callao,423,2023-11-20,37
71285385,98019018,Callao,489,2024-07-18,30
80796890,95033872,Callao,347,2023-02-05,36
60540548,91986850,Callao,351,2024-04-04,44
62123681,89388565,Callao,453,2023-03-12,34
44538777,89932974,Callao,356,2023-04-05,38
24974961,22406536,Callao,365,2024-12-25,35
10388725,43227311,Callao,497,2024-10-31,34
27405898,69848266,Callao,458,2023-12-11,41
71104169,29111846,Callao,440,2023-10-07,34
54015670,32011105,Chancay,296,2025-12-27,21
95644631,94628666,Chancay,121,2025-12-05,23
53432922,13564659,Callao,450,2023-10-08,30
43508229,91991065,Chancay,253,2025-12-01,23
34150602,66006134,Callao,404,2023-11-15,40
20091368,61648579,Callao,344,2024-04-04,36
41607257,35498740,Callao,373,2024-10-04,39
85890665,28466905,Chancay,197,2025-11-14,25
95410513,76703505,Callao,399,2023-01-09,36
21936779,73084563,Chancay,266,2025-12-26,18
54987122,58319066,Callao,472,2024-11-05,42
65201463,88117323,Callao,430,2023-11-03,40
90310845,79866990,Callao,335,2024-07-20,36
18757215,92461259,Chancay,295,2025-05-09,21
18313551,62537259,Callao,476,2023-03-21,44
61897922,77316140,Chancay,238,2025-08-19,18
40998275,66630463,Callao,383,2024-12-09,32
28183414,62258880,Chancay,158,2025-10-11,18
92562394,26856384,Chancay,186,2025-11-03,18
40326785,10584688,Callao,316,2024-04-20,33
83201901,44448587,Callao,431,2024-09-28,42
15351560,79461734,Callao,464,2023-06-09,32
33452396,74031979,Callao,434,2023-09-13,40
27548822,30282863,Chancay,109,2025-04-16,18
71508208,65306617,Callao,402,2024-03-04,45
28163900,22941799,Chancay,200,2025-11-04,22
84695664,97593984,Chancay,134,2025-08-17,19
78210177,75904580,Callao,433,2023-06-12,43
25045430,21182211,Callao,322,2023-02-17,36
19130271,22523460,Chancay,269,2025-10-01,20
42965166,44072738,Chancay,298,2025-06-27,23
70491726,70380810,Chancay,254,2025-11-21,22
48685910,85319601,Callao,300,2023-04-16,40
32793784,50064628,Callao,328,2024-09-02,34
36717295,90870856,Callao,306,2023-02-16,42
47292281,78532881,Callao,347,2023-06-23,32
93346723,16344185,Chancay,300,2025-02-15,19
10427400,48199299,Chancay,287,2025-06-21,18
40607797,36748508,Chancay,117,2025-06-08,20
27596506,88033766,Callao,496,2023-01-23,32
72085622,96882952,Callao,495,2023-06-01,44
78969095,91723041,Callao,449,2024-09-01,45
41940323,82781916,Callao,324,2023-12-31,32
12119308,47397355,Callao,335,2024-06-08,37
82927936,21954914,Callao,423,2023-07-31,41
40044625,69532455,Chancay,239,2025-04-23,18
45792004,99913193,Chancay,251,2025-02-10,20
81211407,78652993,Callao,332,2023-12-17,31
63569903,14430201,Chancay,206,2025-07-30,21
85214467,27104543,Callao,497,2024-08-18,41
47572052,91095601,Chancay,300,2025-10-11,22
76215850,16707964,Callao,458,2023-04-25,33
81478693,87428317,Callao,339,2024-06-03,33
73585015,42993273,Callao,368,2024-02-10,43
92565765,11876821,Callao,310,2024-04-05,30
12371504,96978274,Callao,380,2023-07-12,45
