ID_VENTA,ID_CLIENTE,ID_PRODUCTO,Cantidad
926354715,65917772,16548695,1
329530500,11364882,97646366,19
601734764,59447379,33181988,26
204140319,46271648,74625738,38
512058129,68549586,44628569,37
821497373,60071781,68102433,33
671662020,68107722,48457786,2
102250263,85440897,54157846,40
749471794,33399996,99251783,11
293711498,84252077,23774729,44
981846784,57634057,14994466,38
763763722,22253286,93190849,28
905848809,65313728,26990247,38
785171717,77637060,25616976,41
487593243,29883842,81666411,3
934797143,20447780,82007589,35
781050996,55843464,73630467,16
798273884,13156964,68099269,36
985879101,55569304,26190067,49
375513124,78546305,36529411,7
531721688,65764577,93217528,8
137153464,10895675,66703692,37
802290482,31985806,14415223,26
426518711,87860944,36811838,10
510835550,48463442,20593478,31
917238897,97582477,84969430,45
554851993,24212731,85465360,20
723187561,87589393,83144031,14
714878900,60331967,98261243,33
833960579,80276077,45547068,9
476248803,54277459,21312404,23
717273442,41179867,95508985,37
560843352,77004830,14499818,1
805501294,84502287,28345766,44
894321335,34941460,76137425,1
448016359,89001711,42671818,7
347974928,79556912,59163374,27
900980278,15575299,81713428,37
184027801,50443382,20898832,33
762410969,30169228,23292088,8
568166878,56939607,44367919,17
753155698,55898017,18463164,45
818849161,61809794,10693609,11
613807542,11723644,35180409,2
465486806,18172510,57221677,17
688769740,69742158,55974138,44
390106725,62089959,77311793,41
944896346,11571578,60298013,44
612179704,59358878,99068998,50
279369052,78789724,68430855,26
567468850,26308111,91339418,16
509314742,93463170,53183309,34
572554986,11854586,14880919,27
826606439,76007041,19618874,7
694681225,91884768,67963836,9
909673360,83794219,64069336,15
670415567,58893785,26236179,27
233969836,98965748,24414512,20
759414957,26023131,32391283,26
222604549,30086955,13352602,3
367526065,76423420,16377787,10
287554987,55037522,11806717,18
206682159,37280052,77752607,20
870065061,31844669,79787566,37
442140432,30152058,86779854,39
623821361,22159555,90184635,28
227178667,10447188,58832189,22
598410172,10427478,24148007,9
756945382,76580916,42973296,35
608379721,91537381,95440155,19
943429633,45470884,96788252,16
119795190,64510936,69494583,12
385373466,71856288,14405602,37
345833404,34419248,53012023,24
643411688,34739157,34162704,23
962038022,60051617,91013555,5
653785664,33617032,85970361,22
317320996,33870933,93659874,31
975461074,86724698,22426363,15
661832501,79560520,83825614,2
229732762,65465571,22632152,28
595050889,66040258,70448917,50
221200787,26125658,59711106,38
866376734,96401238,77197806,22
671180490,36181111,76823104,7
540876924,93391156,94890360,25
959119014,37097136,98623942,32
809017460,28122849,84547173,10
735157402,41304980,85649590,5
303498040,86217417,51143046,15
980257939,26825652,63603317,20
878616037,78495151,96636053,16
830557854,17946031,54277328,34
578280228,67294324,46736127,2
880368403,58849922,16946472,44
133420351,81927530,10672996,19
650456583,24437316,25832722,38
815402412,19120630,62783214,42
756704227,59823948,56189127,27
567710747,95202399,66981679,6
448385513,46900483,59729771,46
858308226,69604549,50513320,8
744213074,59484105,79378729,22
860548086,51238983,27374669,44
768319961,91922967,25808010,36
530283230,51855622,83280762,47
408463698,76103281,80539280,11
284666432,16759784,61519779,23
596025705,69801809,51203619,42
631044873,39478936,93424718,11
822926288,28263013,21401076,50
428277581,93966941,24291787,3
279905387,14107732,12685501,35
713712942,90860331,33491837,3
735004134,63276958,46712933,43
328801800,34405532,53580585,45
194061368,56859406,47739378,32
730045771,50285267,11476101,21
233900669,52319570,79868348,28
751769725,20131252,22145451,7
623415177,50378514,98794510,25
208996316,15429276,73952389,41
682155714,35464121,87717508,28
616733385,20986633,99193425,18
547319836,51139379,21913385,6
296960227,54672009,77799007,39
140841249,36965050,17228597,38
403594513,30119524,29017527,26
242317055,78987410,22806823,21
750230568,55771840,62255927,30
791022476,52862228,55407189,39
369369832,42394499,78515607,20
750662586,75046936,13963610,48
929347645,87630247,81339887,40
890583163,44783117,43322680,20
251465638,81451748,34402619,24
464772355,31258207,23319878,19
425834385,48132593,92092171,17
950256937,22317730,67988553,2
558631287,80813909,57203270,37
338299889,83749195,95185548,25
280118036,98220779,82864738,39
440853893,80328635,82812371,50
752745709,79791958,62283729,35
401163512,88979139,14958992,34
695128629,53668842,36364812,48
633015619,31972944,65218998,20
864839944,65644837,31418559,15
383586891,13297634,18628835,13
223667372,98926763,17886195,3
160642481,62134727,54263827,5
346461400,82599566,70365489,50
921962554,89762732,64630689,37
912649148,52847333,25808530,35
618527749,68739488,40950137,35
571627638,52817143,27312882,20
989894627,62274841,29174506,25
829325818,26838976,21053865,48
510529724,85882613,37298129,29
595483244,17612671,53067743,28
993712703,24740534,32452659,16
152240196,25931267,38539963,49
880176372,92514990,40920779,18
448463313,14464105,49671764,27
879567164,51453265,43408262,48
570925287,80474288,33521140,40
712186258,71800031,87744060,19
473297814,72961139,91451411,31
344122817,66821878,31906049,1
949217088,39812232,97038137,46
881683353,31760766,19601523,1
658143644,88938508,58487816,18
726062907,42439261,86886341,6
525716041,73293001,90088222,3
537281871,37980205,31486468,48
226780459,87091361,66961568,50
791540682,95880552,97231140,15
257944042,31393071,11483822,23
754681655,71129615,25448571,39
511756398,11939649,20094889,23
615178027,36161600,71819357,23
748188819,19361547,65165956,25
390030092,26416166,88602482,20
754919948,45601684,63404730,9
660884741,41637173,99182646,6
983511004,47261984,93222488,31
801453873,76796182,24976410,35
975031376,69959530,80210834,45
251013022,64163071,76787965,25
817875515,43438102,99571751,47
414524444,70478725,79799678,9
664759005,24555499,89341469,20
226037697,14043751,62692661,36
362023859,82504592,77325824,34
458155257,59389378,83594916,49
987315182,63646441,11306875,40
787995379,21061987,66023041,12
328526896,72486080,87489744,3
440203324,53990773,14545796,18
470183444,69621461,58484502,36
539604787,66993314,94987904,30
158315228,26724426,12016689,41
128989036,39254680,51017802,32
876177880,92793434,37418060,12
589769760,45194932,95854330,10
705338059,95395534,90187288,43
119489649,33622824,65449840,23
819886190,10751511,18533221,12
625027427,47081981,55327756,13
144068933,74332645,61205867,5
866434698,94717268,49115726,33
355917104,93967175,34802398,28
102973828,13774729,62119050,40
786543808,63378317,15198759,13
184080470,38906399,40088302,42
785212548,43611781,54572940,22
641650785,22385724,13282736,38
901156667,43725100,11129408,6
959262655,10785114,66097823,26
900456380,30311846,57856920,44
845511562,88119434,17330414,8
342821405,54075670,17197276,32
325942318,27234094,91058579,31
580193181,93615786,20293145,36
638927568,78478125,37638871,3
778444671,13891665,27181130,31
570607166,67543759,63067724,32
880938926,87986517,48260761,30
456977497,96764687,32479924,17
754173825,98651619,54347540,31
405402958,86610279,17785859,32
608628531,47578312,56715335,45
929045057,47912440,25914240,5
218023914,19816031,14080306,44
189928453,74061388,15348807,2
726990830,74766398,89251888,44
805226948,31295347,36069466,9
268313173,16376051,71819855,12
829236589,23197361,54086558,44
264898629,26003366,91657528,22
330802023,99051035,11137044,27
197408487,65394748,69122854,29
325096365,62662624,34966935,17
302346394,22441767,97204513,43
515963570,96219907,35081480,16
289947949,67834433,54518129,12
998391588,93305932,79490726,1
884643187,71585572,96335600,17
718517343,94146594,24929215,47
986401302,57775195,97511389,33
711083325,46220242,46174727,45
713807655,61977469,56363568,19
569100079,51875648,37171449,16
461841558,94189871,53429860,40
722870875,52437951,70989222,4
607995851,15262745,20825859,20
760333251,42921412,25974904,48
162617218,90603363,72592741,22
539021444,13588775,80935080,47
126339123,62635304,74495728,44
701171340,28403783,20398205,46
608895854,60201798,77101068,46
752698562,86207760,84586337,12
386937407,83481234,47855152,28
902545195,76960782,51307147,38
792470105,11496065,35426291,36
845550715,59338146,99907316,6
735403622,64956043,44455735,23
431945803,40256382,62653185,49
137074780,78211111,79966756,9
138143257,75979844,90428519,10
260656331,89882596,25578534,12
934817761,65757783,51014760,46
658141040,23084106,11457054,20
357725889,34926069,80168402,41
798814398,16212119,54695402,32
851698488,26501372,87624491,42
330355144,61940632,44511134,22
531732255,59728859,37292592,30
971656370,36898306,26814145,44
291290155,38866520,92337121,19
877999416,22837546,37483136,20
733683362,45008533,12258092,20
700864217,43420396,50884802,4
397652892,82244830,93676299,43
843651549,47163516,62341337,32
896858129,86913734,22582104,50
385580454,56534660,40080701,18
133577175,62573389,42604220,38
210361639,87982445,41830648,39
427869090,89014984,61522777,39
708492783,69090121,22015026,39
146849494,52349146,37608788,8
535624042,44240820,59378756,8
589186541,32979101,12900154,32
332797976,48915677,79124693,40
910104205,18164821,59129861,46
408361604,27270188,45997704,24
168180728,80843346,52034488,45
981768560,45983791,50711502,1
827675446,44253635,89677137,41
313919968,16329991,63037104,26
916625335,28971138,14817284,41
858388836,41310111,31027189,43
132422087,15990320,78089004,11
359557591,12639941,73523485,45
549664074,29321049,77033784,24
247388100,66958565,74043675,2
691664470,66485019,76157210,23
400772532,33243885,77449259,29
552696706,78454748,50809207,35
886898666,29365885,95305871,25
293052370,24059159,17943001,26
310096065,20048850,29024569,2
655549814,30932002,25831507,19
172539322,19644670,12336619,43
169967660,27736074,98431848,5
469305506,55911513,66283632,5
451343230,49532214,77390956,47
919407131,82679761,43366653,48
687522512,64461257,81566493,15
933717716,54501305,24800727,45
410609230,43727956,57076920,41
584823280,84114422,13607497,41
701674716,84830570,13584833,6
939305420,27717207,32565449,7
665149446,13303004,98499930,32
504635934,29692805,81051283,8
547556926,28299475,64866949,1
402346008,30735482,34334418,36
750924072,90540375,39768402,17
701431665,44314682,17749517,46
167430948,10306614,14372773,11
440410838,85781866,98415193,29
598674412,63834176,74545602,18
929898790,37160487,28102531,11
953754242,23533794,74823569,33
711783052,95942268,16560231,22
290587190,32796876,66766517,41
264322237,77352044,74420706,7
377473243,20067321,72972039,44
649930315,88738203,26702121,47
203758565,24468280,56256147,49
809637243,30412006,75824731,7
155367047,16098884,34302964,4
234828643,95422152,69214887,3
357493258,64247248,91580251,40
352457893,48333723,72056600,47
837225144,80328562,27477007,48
153264601,40221219,65493097,34
999163622,33665231,54580523,4
756763138,23140336,18897954,40
743550744,29769143,66017691,7
699497224,42738733,15994654,21
145747898,52147922,32852771,41
712334133,63164572,63093901,13
585637141,89037796,54902658,17
930775903,38655056,51248223,10
412385684,62413195,50162219,6
430900407,10703232,66216207,5
130831645,92359575,26741276,20
526498151,70519532,42114433,47
485280075,75147551,57268249,17
608255899,73679038,46254621,4
738857257,39544790,81190889,5
409882845,16178972,85704633,7
106029109,33439854,55734258,33
539482233,35456888,57769821,11
461762453,20337919,25443594,36
109393070,84444333,32506332,26
735951824,33814591,69507904,32
649179046,33536884,59651591,4
203324906,10625278,94279209,37
378934572,27312834,53626932,7
602190407,17878173,20994476,28
203522353,26378773,19435965,39
547628517,50075284,46140446,20
844491460,74630236,57483017,39
392181783,88470466,55160851,45
540544724,55426873,40092751,39
458693205,22501137,96751478,50
945614352,11751642,20020231,45
864819788,65290000,23922611,50
479578244,51490727,66373923,46
885089067,19391498,31789833,28
777358593,61485699,43181901,48
141378312,70556986,82857894,48
756440247,73023367,59232930,35
841478905,98464774,88605245,45
216997103,95042229,86408196,10
432882252,60369476,71493794,11
202644650,65139156,12570581,39
733266574,68058601,35697571,31
433821219,57938948,24791554,30
359763019,40231155,57694446,8
262269067,11858701,31684701,17
456320474,56151440,26575123,12
495517586,74154283,81854037,32
726694435,26078291,46402166,30
374587610,46680509,22096688,5
699325141,80600967,99086697,25
500056460,13532195,68542232,2
798452104,64024106,72125247,17
620234396,53410410,63460683,32
189001393,76365616,22481003,49
811400088,34463577,11927143,41
962773708,45991532,17953560,37
592667249,13299537,26730959,31
246984074,26329686,52385629,22
824094982,61196970,61861290,1
679117366,24623766,92305511,23
238380523,64734317,57115853,44
417695983,11721028,28766566,11
916969409,89024778,80363984,4
147751973,66479910,22665549,4
745437281,54452822,10087021,35
605604240,62323009,75342959,5
377197934,46605065,77432792,23
548092865,17237581,83771628,17
730034225,98057874,17037426,49
509667892,23023835,27330048,9
782618389,69464585,40891164,1
729700678,51278357,40645962,50
421717502,16555584,27260696,7
858010107,98838587,62595171,46
977046823,98019310,20549484,30
677372881,79517159,23046977,42
720085966,68307205,45610818,6
561436696,15618162,88434275,1
100714676,32200916,17725911,12
687959693,68892525,18883967,22
450840384,68835681,35696267,13
165285165,52711248,92568108,4
894613288,53853857,18214816,13
864678708,65468832,90343294,30
977773550,83392736,12361567,50
611150062,45440174,68693553,16
560759309,53371497,62784753,43
280127990,20703488,52655016,48
370112782,43367421,35962594,34
199527410,74684627,63165015,37
462507068,86794846,31690243,9
307553258,21944705,50840950,3
614385068,46083694,84869014,37
877220615,52972149,33597695,43
506097591,56504407,66502727,11
912063606,51587374,86794596,35
920430497,81349128,16427461,20
593262870,34428313,57366751,18
756207147,20015489,18991788,16
310143371,71491401,81615360,4
173868453,71678900,34273609,48
424835972,87091631,52068274,20
551878939,67321243,68560949,19
589398160,42531365,24165261,7
813665750,71649955,95539689,46
756959673,68484075,10064319,46
972938487,80490959,10710813,40
238308462,13289006,79677579,42
540688208,57337571,19618077,30
307106254,68753647,42025877,8
973975241,13018259,81255435,7
598210807,42588522,67603191,45
213361433,15060103,27246740,21
869670580,60094624,31175568,33
806888598,94235442,43228521,26
762187157,36200908,71307724,30
209398099,49032072,14368134,13
215018421,63192855,42708814,38
851235452,96794999,92767571,49
384050279,36947736,89638940,10
612076794,54480649,87888491,50
885631958,55810359,73666366,40
212419381,42861940,25478966,4
466032011,72667527,27853642,44
535953883,41295709,38566691,16
853802862,88230063,55734698,46
840040894,69508646,12769039,17
311909412,33692987,66290535,35
589507307,15504612,13578853,41
694263398,72612373,36354022,42
432853425,28232693,34943962,12
344467005,79337123,83124734,18
869394505,57326650,16388246,16
781167347,40498563,76475774,22
461987939,13972524,53546636,23
349751615,31280821,30862676,19
185896210,26456915,94538952,7
151807546,26140440,68931596,41
791021517,89914550,68028633,6
701363302,87660178,16817234,45
871694355,97711842,27220829,32
845898413,56849666,71303031,2
998186242,61756904,64948928,28
724142675,67242936,13036469,50
127346693,69668924,99525317,47
559890255,25688413,78194507,15
764673419,96137697,59632435,26
391660324,84656498,95901225,9
418053479,24984962,27481216,24
176521294,96453075,61995550,21
411503336,29139260,13818934,28
839655531,39849674,56664677,10
504868609,86041849,79531972,32
549483367,74165720,57502116,49
399990880,13946548,23630975,15
265184659,47330343,26511309,42
218646058,54640184,35508245,14
771094070,54032723,80010404,24
588744306,77906697,45660742,40
222893301,85302751,15186737,24
372236744,59086607,60585489,44
289483167,42607907,91229760,40
700823486,18451630,61578109,23
495848321,89722177,97352824,28
205439831,39363326,97012514,35
931328944,49242100,80630580,45
188598937,72125915,23166678,45
114658102,14925743,83533607,24
236071641,79525545,81796151,28
184484429,85519015,42055488,21
117185053,22375252,23034023,50
589372681,39356358,51104668,39
834876832,67139859,81047934,1
372476168,79434402,24650079,4
605729994,88946865,73105380,1
570524100,84483905,77045888,18
569785498,93273448,90060913,28
897065742,50517767,44076415,7
942632919,27934098,81188368,41
498311712,88597144,66208979,35
756527568,35990579,66640876,6
467907134,72913233,32931534,38
328011614,32071923,52505842,11
131333276,59647228,14209118,45
324597848,27693580,57091302,24
207726112,40187649,40861965,10
207062821,67522510,36269679,42
460097201,76425573,19902609,7
765317773,50519029,24318642,37
504374592,67678692,62870054,21
994945702,43130097,43492705,32
439647757,34658687,29077951,33
191092363,88162485,70541834,9
892438045,78744122,71710781,38
975928401,91375003,28508687,9
490836387,46907829,90089600,13
538024748,11610286,66944409,49
474253973,52015004,98528381,48
753248446,44520298,40124798,17
782739555,24599040,38948949,22
450563869,55281970,48488485,38
843314434,38927155,82314332,20
723379549,10985043,32089330,3
955918515,97235227,16819462,39
270980538,60200950,46679938,23
329406661,31389794,54808592,7
413498656,98384874,46480752,21
127858595,64034665,38731300,37
546892230,22315581,75511219,22
487624223,89607026,60675650,16
362114911,58143505,34433725,16
519224910,24729833,71118633,2
169885542,86111260,75925382,35
386695843,66448211,59893479,4
166898893,24560464,77154387,5
283976917,84847922,67293927,32
241884801,14814556,42615314,31
389125488,31941204,18806769,28
222031657,17644825,19018725,32
157842537,43373878,31102637,3
975058407,91367282,95618479,7
108622620,38357703,27345942,1
822373044,94575533,53938349,6
933726531,24803692,99895149,3
347026095,63701897,93765993,7
717203099,98959418,63893216,11
638595666,60887869,99394298,7
955204700,48067688,97819695,11
198974297,19709090,55216268,19
327250082,54018608,25340718,29
754473934,71151025,72655595,17
563087608,51212360,93309163,13
729978118,36609822,88072687,31
545500968,60287777,62660231,25
645153678,14000981,86625719,31
940411890,58602092,65571801,10
180422783,10849335,86985291,2
645621355,66634095,94104398,48
610310079,78929673,78541474,48
754208989,75010894,92525570,21
304689480,78708174,69696181,37
192901781,19501892,50677332,25
221008446,85853973,11792326,32
573871543,22712417,74810855,24
276151333,47879984,72745198,35
860455733,96062008,37590781,37
236982431,68453411,17715628,25
177707238,87626970,96735626,38
604846256,65917532,62269848,43
637417422,54153027,77229832,33
861125872,10480159,35802618,40
738698955,80039071,45528744,48
714848883,12620300,72167624,4
850182771,64953750,70917754,25
758963045,98441178,45054742,49
325324165,52367968,88195696,44
429760773,45771669,78037755,33
343616606,50242425,60630450,41
512311071,75160368,63837317,5
474499538,16578192,37604100,26
662888490,48708422,74288930,39
690818224,34396115,96560562,33
988230960,21645306,35378016,8
824207893,42043246,95649596,50
163896894,46248503,77389974,21
250956589,62827976,90292804,27
709325166,61793666,73074642,46
608111044,61972166,47431566,26
785957421,19901514,47724839,4
793380282,22659809,34016428,10
765493873,95643891,86407380,41
496511180,21308109,20027082,16
580505665,30272604,35492153,40
499824964,43194082,44480278,35
139460730,96563162,85075268,22
480191858,57327118,77525294,32
176196553,52859231,32272417,10
297401869,41860125,79260803,46
554007407,61362370,56820317,35
145046681,20532742,58260988,5
696961061,36392370,75602294,9
553577087,83395032,72523366,10
670963476,97348623,13692065,18
535810629,37794915,84884192,42
370136912,26563082,28929350,5
806252079,66919687,77684365,47
441335916,88621894,99677480,50
753968009,72279605,90736891,29
571991005,64394123,26766699,47
854139902,79278124,18410245,6
696151865,90470133,78910388,44
297535204,66067602,50001600,45
948435406,94617575,92023712,24
311236182,11399854,54744312,26
583527805,25441176,84021713,22
481108825,47155816,59545200,42
697679904,46502835,92644682,17
688734451,28333793,38589249,37
911019417,98752855,17607659,32
909829333,67636659,98300695,3
555135727,96182913,44464328,11
724894014,21696353,48111228,42
162409532,44690812,66909775,32
177701396,64682980,76505656,38
463184036,78495565,27017686,46
185981602,81161536,22056148,5
406494066,61793340,99936530,27
206632034,31366615,50530545,45
324659462,89407993,19607468,25
103294179,42168088,10666125,42
463323299,58950324,58002770,13
337285364,25743937,66445658,26
126836290,35508134,60242450,35
821014485,65151684,66100837,13
111417493,29139636,26761353,18
453531093,17808661,84117700,26
691356414,95170494,77512877,43
415425432,58217222,91496582,23
581868267,20094786,43251689,21
705336166,13648811,43404808,47
649323686,75057925,68734952,41
165743326,31480820,39491558,29
300304584,90942209,42184999,6
359364523,99014262,96808503,29
457212899,81919356,91084572,20
869378727,39633567,66438878,8
994408105,26953934,46242911,11
511394813,69091231,19984715,13
548928742,21278794,98202268,21
892229913,19984170,40343139,38
484509866,34046869,31379528,45
901467410,27196902,66936801,50
233675699,21980170,39299682,40
943521604,79062741,54488413,26
911175723,56027722,53853417,40
643831751,90332771,56717054,31
438548495,21038846,81788330,23
962570859,20588808,53517079,38
105237470,49678445,48974173,9
813725537,27745085,32768080,24
461047260,51207234,41916630,19
940184939,67271036,41746554,47
278526431,73641966,21098380,14
667798006,27282978,50675563,22
580889060,63870084,29668414,17
912215985,61722970,57003974,26
318053881,64392773,45860952,42
969533550,61960738,78953940,27
404908569,10166914,43042960,38
944428480,43715168,95243424,29
427038511,47644377,15196144,46
452826621,11052282,85395191,41
298374617,65414900,37019732,20
260746298,68705446,97366874,37
189700767,31320613,94518475,20
801051661,15767545,19363220,24
704883219,51946980,67848232,43
418452490,66992347,51255825,2
795991128,73294893,47342048,26
292002685,40677611,71244040,38
276786876,45798981,83738603,10
577132106,61781545,29932835,23
509164075,94161092,33304585,40
172762009,48001008,84628064,47
173790518,94913964,99501479,5
526449562,98875193,14465441,40
146324202,55495896,39214918,23
989950697,86454872,73750776,36
742460447,77125764,54275240,13
912800411,30805208,35344569,39
182932419,62793678,80575250,23
450256289,18422949,67431298,12
913380631,97078236,56046593,44
878100890,56289210,77477709,17
204258934,16322270,28901732,8
195418049,25498158,39576469,49
432833714,45400661,51607874,10
940133953,66704191,45322165,12
898436981,99004417,73146207,13
679064139,97584466,94373186,42
371413032,48382214,57419583,22
147836592,85634035,51005676,16
647067260,38807328,11347002,45
762614473,84005041,48617423,34
869828878,29431855,29655863,44
111925808,78684118,53332923,28
834146282,84480780,68674332,18
262036395,60097022,29791840,34
505892193,84037579,87725681,46
582536223,16663600,69591540,6
302890585,15996593,99042088,5
558920055,82615026,54491483,18
993467329,33430447,22205109,9
668184814,46876281,35194024,45
323882272,43968891,32876536,50
223085135,51426927,19286586,18
973059512,77000866,17841366,2
248212099,38077585,78618301,19
214813019,33171696,12898487,42
905994444,15756747,13363812,45
531311183,30073021,74587290,5
125343054,69246500,45465725,50
349971394,67192416,43864948,16
537493676,16489462,34370177,45
696118547,16710497,87597447,5
540789358,18980494,45642890,40
458092124,92125602,33900300,9
674801315,88655347,74255109,46
526639210,69443576,22879648,15
208454621,11687743,24154540,46
695723501,31975664,10618047,42
313346087,16403366,25137400,26
965620935,86934904,28400673,41
356276093,20351917,42018669,32
586049438,16372216,45978438,3
523725544,25394889,63947818,50
505260456,45161094,48140168,40
271666234,26721603,33363036,14
924150228,99163597,79511496,35
373876559,38318558,50031843,3
871912226,26385079,44289509,17
793663146,61810729,86809191,43
572995712,66002752,68273302,20
371203625,33065897,96871855,49
593612884,85833488,67380022,46
164972092,89188681,54297749,50
454467450,76533662,27316096,30
639287575,12270465,66874393,11
640307387,52178963,19347348,16
676931908,52002876,77336769,1
660212963,86453941,20466490,27
787826707,96532690,93879837,2
460454940,76148964,45417001,28
246412306,49496843,29360534,42
536330060,16401516,82798148,30
196358527,23603380,54298336,43
957604194,78754741,19869701,16
704626818,85587872,96643569,16
753392173,39518635,71388634,29
530018781,58915607,16759596,11
752962722,29909197,40059178,19
732548345,62814334,44738181,11
693628266,20823213,97016841,45
217842967,76160171,99867779,7
288643805,56473861,64566130,46
541568814,93316660,66179651,29
578760292,49407554,94290845,10
951370796,30050020,73478790,40
932753244,42429287,85459814,33
176839206,47548648,75586127,4
652758447,17173180,69095475,31
279525716,39941771,86611791,43
939471014,85205468,60719623,12
638327586,65507387,48697244,31
174565251,28537380,65717562,4
478211554,59959470,80471913,26
855688307,83044919,78923658,40
813847205,93755685,96889796,10
123582487,12154469,47389523,42
711814771,24469996,32653295,28
126331012,67996003,54456834,41
829620122,96184407,70149397,21
708084335,65223669,47779293,27
985059518,47045128,61203544,24
986562241,86107303,28179060,7
380915869,97134368,52740759,4
196008694,89071068,12828986,39
888402133,25506525,83985224,46
833296384,86550312,28169746,19
865181523,95636714,82222706,36
690241015,80252536,19179822,5
290069452,20070716,33694430,43
325647847,50738063,35637143,16
236094956,38381933,26376755,25
255422876,99337353,13284414,47
356135352,51611613,89465584,50
896625418,42073874,54096221,41
348223194,70300862,30238222,21
174186697,83165626,83040431,33
114110032,30463381,30261872,2
530288175,31352346,10285853,29
156843008,88756297,27793531,33
838714116,42019835,18077436,28
165810903,66534867,18603649,28
918479710,30063754,38056583,48
394507107,99580378,31162227,19
665666970,94520016,83703707,17
961261037,39948548,51524236,33
486196683,91619613,71214195,31
816978555,66542159,12907225,8
704387934,41822187,61883119,6
995122211,29048307,62609814,11
491943191,19135691,97242936,21
700378661,61709478,83143172,5
555004943,49783022,77090834,39
859054592,34439469,82256837,10
960940556,87638456,84253182,21
315973551,69282290,15418233,9
963968146,51511658,51108317,34
386886301,58928646,62366351,10
859454279,14902700,60564679,1
617330524,52896575,46834444,26
153115700,45875923,56824105,34
236170409,46149777,23764532,4
145716590,58852295,62082205,44
568968043,35879362,82126782,32
415648592,24058701,17418655,24
932201679,54659119,53169385,48
318908331,40528324,96715821,15
316498139,36534802,21360814,3
746056730,15809689,47697224,20
461066234,16152394,74568192,4
814983967,28288487,39026574,40
523341577,32865087,69807763,33
250104324,47825802,33809192,4
728253162,23434485,43390979,38
465344665,99278493,38405130,35
944298251,77761562,61115536,38
379171761,36835753,76181043,16
667475293,80152355,86802847,15
586131365,75377234,14355187,28
871847457,10938114,85919466,17
234994778,15809343,88559360,40
767731469,18237148,93550063,33
993059130,58561340,25659617,25
302953403,21774006,10265144,49
220003560,52366917,71968205,3
844732128,61573662,89995790,41
619151426,28704661,92060771,26
272784507,26258449,40366604,31
933936173,33956342,84551175,18
802812904,83043885,21036479,25
113954864,34811306,84708228,49
136259319,47728656,52134304,22
620623150,28689849,80141104,30
559802347,10511826,42589032,30
191243443,59413095,27989141,38
166776530,39540494,64582000,43
522769412,68085182,98151937,6
979087480,62820570,36417531,2
672736197,79123426,96698810,29
754269822,38753498,53608078,13
490850415,16358775,82948493,9
355839766,54325704,16870921,30
215000970,94719886,48136949,45
744457494,26814127,87611284,25
429076000,62140201,99629922,6
789164533,30631083,18886266,12
657517984,64864830,62437373,18
568119431,52650942,79082713,46
552051992,45284209,74467380,45
367221642,44809180,34807324,43
691045164,43358780,48230527,28
972643512,16776524,66251362,5
720405775,21127743,33055532,30
772493647,53631859,91102223,1
345741568,17924065,66038206,30
852390603,35755586,51787191,11
938289939,76788800,57073657,8
591407697,88001555,66483771,24
392206362,74467750,28679563,34
933418145,59066551,91978834,24
841299540,18775178,98441532,9
354103072,45756519,53971930,3
746102248,70607044,58286446,50
629142317,75279281,24592743,11
926809087,58387574,60202416,22
928684637,85225381,69333842,7
510979124,65386732,98364369,45
622425178,48029789,84891691,8
514548629,25487907,61781456,39
760362423,46791071,17791387,14
281854150,69506361,89934451,7
127212561,43179017,97383641,44
412141350,89726963,32583167,38
451907462,46383943,61527326,46
806779894,45519381,79940953,7
511524544,50218276,17203488,37
155036581,54068469,88054937,49
445354793,51695656,44894097,13
564153919,21741568,35827764,48
250893062,51271943,69978321,20
205727978,74721754,33911269,8
781809656,12029639,92451684,46
943457873,73001095,72713219,48
923220355,21280412,53416702,27
106406118,46873655,11841959,37
837526225,10358807,39452186,23
213169352,18388018,51102645,19
431832015,69328806,82249407,3
635866586,54741091,73449277,13
732514371,40790227,82126104,8
371806382,43215006,86394601,17
319256460,46648331,73412674,4
279818656,43188073,74581090,36
754588400,74372416,52473509,43
578468279,47189712,10687329,37
431157542,79171428,28254770,18
795959330,70422878,75902146,32
891806454,13070213,54257228,24
272421475,66961914,37529925,9
248527599,94904231,35123684,46
552587995,26661641,85526768,15
732013069,21800383,63969763,25
976734390,80852562,61851204,10
338445827,25633729,96820815,17
873272312,71422590,59538685,20
239812687,83189839,68783870,28
525908014,63381174,20983755,11
202060087,72042977,38088219,44
124605626,85607696,99353072,19
625153045,15184197,49503449,33
542982679,29915999,44009960,23
738061645,89059715,58591896,49
914941949,37814513,14132235,45
215575248,25057793,66402278,27
149434738,58591090,70999234,34
414770232,69495552,21407085,27
261237277,22826882,24106100,17
834188659,76691104,18578157,44
850719673,85113702,89780191,30
267442018,68693337,63952946,2
354295239,67119938,85081265,18
485484528,18365596,80870720,12
992765626,40296636,19056825,28
424688305,85974716,22393800,39
329748031,37092102,30036441,4
462505700,74123392,36866977,6
384111091,55016203,15511119,33
147256820,20506258,76399937,31
393500216,12449036,86492837,3
356855012,89950386,37679397,39
420123669,50862089,28092849,46
605803332,93734263,77317319,48
456147008,50184200,42307028,10
199983807,27090549,72885796,8
875395035,50562496,36539953,24
459788902,48373694,78257883,14
902476849,30768827,43258056,30
544219426,85953310,61228050,17
672821731,46343961,93164070,50
746653306,75844720,89827409,2
469272219,52080025,57955950,26
145197591,52416192,81167613,19
718049258,70170655,37709852,26
721141401,45805966,55145013,19
552708898,24989609,97909922,28
787231008,59195540,83584941,27
243785903,18354576,11812499,45
